start_gesture_time,end_gesture_time,gesture_detected,confidence_score,send_time,inference_time,fps,model_name
20:39:02.744,20:39:03.316,Maju,0.99809,20:39:03.316,0.57231,32.77,gesture_recognition_model_var2.h5
20:39:03.345,20:39:03.398,Maju,0.99761,20:39:03.399,0.05364,1.66,gesture_recognition_model_var2.h5
20:39:03.421,20:39:03.474,Maju,0.99727,20:39:03.475,0.05287,13.17,gesture_recognition_model_var2.h5
20:39:03.496,20:39:03.550,Maju,0.99701,20:39:03.551,0.05353,13.09,gesture_recognition_model_var2.h5
20:39:03.574,20:39:03.627,Maju,0.99669,20:39:03.627,0.05253,13.05,gesture_recognition_model_var2.h5
20:39:03.651,20:39:03.709,Maju,0.99654,20:39:03.709,0.05834,12.94,gesture_recognition_model_var2.h5
20:39:03.744,20:39:03.796,Maju,0.99632,20:39:03.796,0.05196,10.88,gesture_recognition_model_var2.h5
20:39:03.821,20:39:03.875,Maju,0.99526,20:39:03.875,0.05432,12.84,gesture_recognition_model_var2.h5
20:39:03.898,20:39:03.952,Maju,0.99177,20:39:03.952,0.05327,12.99,gesture_recognition_model_var2.h5
20:39:03.976,20:39:04.031,Maju,0.94440,20:39:04.031,0.05538,12.88,gesture_recognition_model_var2.h5
20:39:04.052,20:39:04.105,Kiri,0.65466,20:39:04.105,0.05321,13.11,gesture_recognition_model_var2.h5
20:39:04.130,20:39:04.183,Kiri,0.98040,20:39:04.183,0.05276,12.97,gesture_recognition_model_var2.h5
20:39:04.206,20:39:04.261,Kiri,0.99462,20:39:04.261,0.05434,12.80,gesture_recognition_model_var2.h5
20:39:04.285,20:39:04.337,Kiri,0.99678,20:39:04.337,0.05265,12.91,gesture_recognition_model_var2.h5
20:39:04.361,20:39:04.413,Kiri,0.99768,20:39:04.414,0.05242,12.96,gesture_recognition_model_var2.h5
20:39:04.441,20:39:04.492,Kiri,0.99820,20:39:04.492,0.05141,12.78,gesture_recognition_model_var2.h5
20:39:04.517,20:39:04.571,Kiri,0.99827,20:39:04.571,0.05377,12.99,gesture_recognition_model_var2.h5
20:39:04.593,20:39:04.646,Kiri,0.99814,20:39:04.647,0.05348,13.11,gesture_recognition_model_var2.h5
20:39:04.671,20:39:04.723,Kiri,0.99795,20:39:04.724,0.05246,12.95,gesture_recognition_model_var2.h5
20:39:04.747,20:39:04.800,Kiri,0.99769,20:39:04.800,0.05225,13.07,gesture_recognition_model_var2.h5
20:39:04.825,20:39:04.878,Kiri,0.99762,20:39:04.878,0.05341,12.96,gesture_recognition_model_var2.h5
20:39:04.901,20:39:04.957,Kiri,0.99782,20:39:04.957,0.05605,12.95,gesture_recognition_model_var2.h5
20:39:04.980,20:39:05.033,Kiri,0.99805,20:39:05.034,0.05335,12.71,gesture_recognition_model_var2.h5
20:39:05.196,20:39:05.246,Kiri,0.99832,20:39:05.246,0.05070,24.31,gesture_recognition_model_var2.h5
20:39:05.276,20:39:05.327,Kiri,0.99837,20:39:05.327,0.05141,10.75,gesture_recognition_model_var2.h5
20:39:05.906,20:39:05.957,Kiri,0.99839,20:39:05.957,0.05044,21.47,gesture_recognition_model_var2.h5
20:39:06.074,20:39:06.124,Kiri,0.99835,20:39:06.125,0.05042,21.60,gesture_recognition_model_var2.h5
20:39:06.427,20:39:06.478,Kiri,0.99846,20:39:06.478,0.05053,22.02,gesture_recognition_model_var2.h5
20:39:06.505,20:39:06.558,Kiri,0.99860,20:39:06.558,0.05261,10.67,gesture_recognition_model_var2.h5
20:39:06.582,20:39:06.634,Kiri,0.99870,20:39:06.634,0.05189,13.04,gesture_recognition_model_var2.h5
20:39:06.659,20:39:06.712,Kiri,0.99878,20:39:06.712,0.05292,12.92,gesture_recognition_model_var2.h5
20:39:06.738,20:39:06.790,Kiri,0.99876,20:39:06.791,0.05152,12.77,gesture_recognition_model_var2.h5
20:39:06.816,20:39:06.869,Kiri,0.99874,20:39:06.869,0.05309,12.86,gesture_recognition_model_var2.h5
20:39:06.892,20:39:06.947,Kiri,0.99857,20:39:06.947,0.05523,13.02,gesture_recognition_model_var2.h5
20:39:06.970,20:39:07.026,Kiri,0.99854,20:39:07.026,0.05564,12.85,gesture_recognition_model_var2.h5
20:39:07.047,20:39:07.101,Kiri,0.99847,20:39:07.102,0.05343,13.01,gesture_recognition_model_var2.h5
20:39:07.125,20:39:07.178,Kiri,0.99857,20:39:07.178,0.05241,12.78,gesture_recognition_model_var2.h5
20:39:07.201,20:39:07.254,Kiri,0.99858,20:39:07.254,0.05290,13.16,gesture_recognition_model_var2.h5
20:39:07.278,20:39:07.332,Kiri,0.99875,20:39:07.332,0.05350,12.80,gesture_recognition_model_var2.h5
20:39:07.358,20:39:07.411,Kiri,0.99837,20:39:07.411,0.05267,12.71,gesture_recognition_model_var2.h5
20:39:07.436,20:39:07.498,Kiri,0.99651,20:39:07.498,0.06239,12.87,gesture_recognition_model_var2.h5
20:39:07.528,20:39:07.580,Kiri,0.75804,20:39:07.581,0.05279,10.87,gesture_recognition_model_var2.h5
20:39:07.605,20:39:07.659,Mundur,0.94022,20:39:07.659,0.05418,12.80,gesture_recognition_model_var2.h5
20:39:07.684,20:39:07.736,Mundur,0.99436,20:39:07.736,0.05228,12.93,gesture_recognition_model_var2.h5
20:39:07.761,20:39:07.814,Mundur,0.99721,20:39:07.814,0.05310,12.97,gesture_recognition_model_var2.h5
20:39:07.837,20:39:07.894,Mundur,0.99771,20:39:07.894,0.05727,13.05,gesture_recognition_model_var2.h5
20:39:07.930,20:39:07.982,Mundur,0.99785,20:39:07.982,0.05185,10.81,gesture_recognition_model_var2.h5
20:39:08.008,20:39:08.063,Mundur,0.99789,20:39:08.063,0.05469,12.86,gesture_recognition_model_var2.h5
20:39:08.084,20:39:08.136,Mundur,0.99770,20:39:08.136,0.05189,13.00,gesture_recognition_model_var2.h5
20:39:08.160,20:39:08.213,Mundur,0.99733,20:39:08.213,0.05295,13.08,gesture_recognition_model_var2.h5
20:39:08.238,20:39:08.290,Mundur,0.99708,20:39:08.290,0.05173,12.91,gesture_recognition_model_var2.h5
20:39:08.317,20:39:08.368,Mundur,0.99687,20:39:08.368,0.05109,12.67,gesture_recognition_model_var2.h5
20:39:08.395,20:39:08.448,Mundur,0.99674,20:39:08.448,0.05324,12.79,gesture_recognition_model_var2.h5
20:39:08.471,20:39:08.525,Mundur,0.99663,20:39:08.525,0.05331,13.13,gesture_recognition_model_var2.h5
20:39:08.549,20:39:08.601,Mundur,0.99658,20:39:08.601,0.05198,12.85,gesture_recognition_model_var2.h5
20:39:08.627,20:39:08.680,Mundur,0.99657,20:39:08.680,0.05287,12.78,gesture_recognition_model_var2.h5
20:39:08.705,20:39:08.758,Mundur,0.99662,20:39:08.758,0.05256,12.94,gesture_recognition_model_var2.h5
20:39:08.781,20:39:08.834,Mundur,0.99669,20:39:08.834,0.05299,13.06,gesture_recognition_model_var2.h5
20:39:08.859,20:39:08.912,Mundur,0.99672,20:39:08.913,0.05286,12.83,gesture_recognition_model_var2.h5
20:39:08.936,20:39:08.991,Mundur,0.99668,20:39:08.991,0.05499,12.99,gesture_recognition_model_var2.h5
20:39:09.014,20:39:09.070,Mundur,0.99655,20:39:09.070,0.05552,12.75,gesture_recognition_model_var2.h5
20:39:09.092,20:39:09.146,Mundur,0.99612,20:39:09.146,0.05447,12.85,gesture_recognition_model_var2.h5
20:39:09.168,20:39:09.221,Mundur,0.99385,20:39:09.221,0.05286,13.22,gesture_recognition_model_var2.h5
20:39:09.246,20:39:09.299,Mundur,0.97397,20:39:09.299,0.05336,12.91,gesture_recognition_model_var2.h5
20:39:09.322,20:39:09.374,Mundur,0.52443,20:39:09.374,0.05218,13.02,gesture_recognition_model_var2.h5
20:39:09.400,20:39:09.453,Maju,0.67409,20:39:09.453,0.05281,12.94,gesture_recognition_model_var2.h5
20:39:09.477,20:39:09.530,Kanan,0.94958,20:39:09.530,0.05254,12.90,gesture_recognition_model_var2.h5
20:39:09.554,20:39:09.607,Kanan,0.99829,20:39:09.607,0.05306,13.03,gesture_recognition_model_var2.h5
20:39:09.630,20:39:09.683,Kanan,0.99969,20:39:09.683,0.05311,13.18,gesture_recognition_model_var2.h5
20:39:09.708,20:39:09.763,Kanan,0.99974,20:39:09.763,0.05533,12.87,gesture_recognition_model_var2.h5
20:39:09.784,20:39:09.839,Kanan,0.99975,20:39:09.839,0.05419,12.92,gesture_recognition_model_var2.h5
20:39:09.862,20:39:09.914,Kanan,0.99976,20:39:09.915,0.05228,13.01,gesture_recognition_model_var2.h5
20:39:09.940,20:39:09.994,Kanan,0.99976,20:39:09.994,0.05440,12.82,gesture_recognition_model_var2.h5
20:39:10.017,20:39:10.071,Kanan,0.99975,20:39:10.071,0.05454,12.90,gesture_recognition_model_var2.h5
20:39:10.095,20:39:10.149,Kanan,0.99975,20:39:10.149,0.05378,12.84,gesture_recognition_model_var2.h5
20:39:10.172,20:39:10.226,Kanan,0.99969,20:39:10.226,0.05376,12.90,gesture_recognition_model_var2.h5
20:39:10.249,20:39:10.304,Kanan,0.99951,20:39:10.304,0.05450,13.03,gesture_recognition_model_var2.h5
20:39:10.326,20:39:10.379,Kanan,0.97107,20:39:10.379,0.05313,12.96,gesture_recognition_model_var2.h5
20:39:10.450,20:39:10.504,Maju,0.81762,20:39:10.504,0.05364,32.69,gesture_recognition_model_var2.h5
20:39:10.527,20:39:10.580,Kiri,0.93657,20:39:10.581,0.05247,10.80,gesture_recognition_model_var2.h5
20:39:10.604,20:39:10.659,Kiri,0.99535,20:39:10.659,0.05518,13.13,gesture_recognition_model_var2.h5
20:39:10.680,20:39:10.735,Kiri,0.99836,20:39:10.735,0.05525,13.10,gesture_recognition_model_var2.h5
20:39:10.758,20:39:10.812,Kiri,0.99873,20:39:10.812,0.05361,12.72,gesture_recognition_model_var2.h5
20:39:10.835,20:39:10.888,Kiri,0.99878,20:39:10.888,0.05356,12.98,gesture_recognition_model_var2.h5
20:39:10.913,20:39:10.965,Kiri,0.99875,20:39:10.965,0.05212,12.85,gesture_recognition_model_var2.h5
20:39:10.988,20:39:11.043,Kiri,0.99862,20:39:11.043,0.05499,13.11,gesture_recognition_model_var2.h5
20:39:11.068,20:39:11.139,Kiri,0.99857,20:39:11.140,0.07145,13.11,gesture_recognition_model_var2.h5
20:39:11.175,20:39:11.233,Kiri,0.99828,20:39:11.234,0.05775,9.18,gesture_recognition_model_var2.h5
20:39:11.266,20:39:11.321,Kiri,0.99831,20:39:11.321,0.05507,10.94,gesture_recognition_model_var2.h5
20:39:11.341,20:39:11.397,Kiri,0.99839,20:39:11.397,0.05588,13.19,gesture_recognition_model_var2.h5
20:39:11.417,20:39:11.472,Kiri,0.99851,20:39:11.472,0.05445,13.21,gesture_recognition_model_var2.h5
20:39:11.495,20:39:11.551,Kiri,0.99863,20:39:11.551,0.05523,12.83,gesture_recognition_model_var2.h5
20:39:11.574,20:39:11.627,Kiri,0.99870,20:39:11.627,0.05321,12.78,gesture_recognition_model_var2.h5
20:39:11.651,20:39:11.707,Kiri,0.99843,20:39:11.707,0.05546,13.03,gesture_recognition_model_var2.h5
20:39:11.743,20:39:11.797,Kiri,0.99646,20:39:11.797,0.05458,10.84,gesture_recognition_model_var2.h5
20:39:11.820,20:39:11.873,Kiri,0.94223,20:39:11.873,0.05381,12.97,gesture_recognition_model_var2.h5
20:39:11.899,20:39:11.952,Maju,0.95929,20:39:11.953,0.05282,12.76,gesture_recognition_model_var2.h5
20:39:11.973,20:39:12.035,Maju,0.99813,20:39:12.035,0.06150,13.25,gesture_recognition_model_var2.h5
20:39:12.068,20:39:12.121,Maju,0.99894,20:39:12.121,0.05272,10.70,gesture_recognition_model_var2.h5
20:39:12.143,20:39:12.197,Maju,0.99893,20:39:12.197,0.05362,13.09,gesture_recognition_model_var2.h5
20:39:12.220,20:39:12.273,Maju,0.99886,20:39:12.273,0.05305,13.06,gesture_recognition_model_var2.h5
20:39:12.297,20:39:12.352,Maju,0.99879,20:39:12.352,0.05462,12.96,gesture_recognition_model_var2.h5
20:39:12.375,20:39:12.429,Maju,0.99874,20:39:12.429,0.05417,12.86,gesture_recognition_model_var2.h5
20:39:12.451,20:39:12.505,Maju,0.99859,20:39:12.505,0.05454,13.05,gesture_recognition_model_var2.h5
20:39:12.529,20:39:12.582,Maju,0.99829,20:39:12.582,0.05229,12.86,gesture_recognition_model_var2.h5
20:39:12.606,20:39:12.660,Maju,0.99690,20:39:12.661,0.05427,13.02,gesture_recognition_model_var2.h5
20:39:12.684,20:39:12.737,Maju,0.98546,20:39:12.737,0.05346,12.92,gesture_recognition_model_var2.h5
20:39:12.761,20:39:12.813,Maju,0.78353,20:39:12.813,0.05220,12.95,gesture_recognition_model_var2.h5
20:39:12.837,20:39:12.889,Stop,0.93696,20:39:12.889,0.05169,13.09,gesture_recognition_model_var2.h5
20:39:12.916,20:39:12.967,Stop,0.99780,20:39:12.967,0.05144,12.64,gesture_recognition_model_var2.h5
20:39:12.994,20:39:13.049,Stop,0.99950,20:39:13.049,0.05540,12.81,gesture_recognition_model_var2.h5
20:39:13.071,20:39:13.126,Stop,0.99973,20:39:13.126,0.05426,12.91,gesture_recognition_model_var2.h5
20:39:13.149,20:39:13.206,Stop,0.99980,20:39:13.206,0.05683,12.90,gesture_recognition_model_var2.h5
20:39:13.242,20:39:13.292,Stop,0.99981,20:39:13.293,0.04988,10.82,gesture_recognition_model_var2.h5
20:39:13.318,20:39:13.371,Stop,0.99981,20:39:13.371,0.05262,13.08,gesture_recognition_model_var2.h5
20:39:13.395,20:39:13.446,Stop,0.99981,20:39:13.446,0.05121,12.97,gesture_recognition_model_var2.h5
20:39:13.474,20:39:13.526,Stop,0.99981,20:39:13.526,0.05253,12.84,gesture_recognition_model_var2.h5
20:39:13.551,20:39:13.605,Stop,0.99981,20:39:13.605,0.05410,12.91,gesture_recognition_model_var2.h5
20:39:13.629,20:39:13.682,Stop,0.99981,20:39:13.682,0.05324,12.82,gesture_recognition_model_var2.h5
20:39:13.705,20:39:13.758,Stop,0.99982,20:39:13.758,0.05302,12.99,gesture_recognition_model_var2.h5
20:39:13.781,20:39:13.836,Stop,0.99982,20:39:13.836,0.05478,13.08,gesture_recognition_model_var2.h5
20:39:13.859,20:39:13.913,Stop,0.99983,20:39:13.913,0.05341,12.93,gesture_recognition_model_var2.h5
20:39:13.937,20:39:13.988,Stop,0.99983,20:39:13.988,0.05079,12.86,gesture_recognition_model_var2.h5
20:39:14.014,20:39:14.067,Stop,0.99983,20:39:14.067,0.05304,12.93,gesture_recognition_model_var2.h5
20:39:14.091,20:39:14.143,Stop,0.99983,20:39:14.143,0.05208,13.03,gesture_recognition_model_var2.h5
20:39:14.169,20:39:14.225,Stop,0.99983,20:39:14.225,0.05622,12.82,gesture_recognition_model_var2.h5
20:39:14.261,20:39:14.313,Stop,0.99983,20:39:14.313,0.05157,10.91,gesture_recognition_model_var2.h5
20:39:14.339,20:39:14.391,Stop,0.99983,20:39:14.392,0.05166,12.84,gesture_recognition_model_var2.h5
20:39:14.416,20:39:14.468,Stop,0.99983,20:39:14.469,0.05172,12.91,gesture_recognition_model_var2.h5
20:39:14.493,20:39:14.548,Stop,0.99983,20:39:14.548,0.05536,12.99,gesture_recognition_model_var2.h5
20:39:14.571,20:39:14.624,Stop,0.99983,20:39:14.624,0.05363,12.93,gesture_recognition_model_var2.h5
20:39:14.648,20:39:14.702,Stop,0.99983,20:39:14.702,0.05397,12.93,gesture_recognition_model_var2.h5
20:39:14.726,20:39:14.779,Stop,0.99983,20:39:14.780,0.05359,12.86,gesture_recognition_model_var2.h5
20:39:14.801,20:39:14.855,Stop,0.99983,20:39:14.855,0.05391,13.03,gesture_recognition_model_var2.h5
20:39:14.880,20:39:14.932,Stop,0.99982,20:39:14.932,0.05198,13.01,gesture_recognition_model_var2.h5
20:39:14.958,20:39:15.012,Stop,0.99982,20:39:15.012,0.05357,12.75,gesture_recognition_model_var2.h5
20:39:15.036,20:39:15.090,Stop,0.99982,20:39:15.090,0.05413,12.81,gesture_recognition_model_var2.h5
20:39:15.113,20:39:15.167,Stop,0.99982,20:39:15.167,0.05372,12.87,gesture_recognition_model_var2.h5
20:39:15.192,20:39:15.246,Stop,0.99981,20:39:15.246,0.05436,12.82,gesture_recognition_model_var2.h5
20:39:15.270,20:39:15.325,Stop,0.99981,20:39:15.325,0.05490,12.86,gesture_recognition_model_var2.h5
20:39:15.345,20:39:15.400,Stop,0.99981,20:39:15.400,0.05461,12.98,gesture_recognition_model_var2.h5
20:39:15.424,20:39:15.480,Stop,0.99981,20:39:15.480,0.05572,12.95,gesture_recognition_model_var2.h5
20:39:15.517,20:39:15.568,Stop,0.99981,20:39:15.569,0.05077,10.87,gesture_recognition_model_var2.h5
20:39:15.593,20:39:15.648,Stop,0.99981,20:39:15.648,0.05488,12.98,gesture_recognition_model_var2.h5
20:39:15.670,20:39:15.724,Stop,0.99982,20:39:15.724,0.05381,12.90,gesture_recognition_model_var2.h5
20:39:15.747,20:39:15.801,Stop,0.99982,20:39:15.801,0.05365,12.88,gesture_recognition_model_var2.h5
